Workbook

Sheet GST Registration
A4: GST Registration & Compliance Tracker
A6: Vendor Name | B6: Nature of Business | C6: Supply Type (Goods/Services) | D6: Supplier State | E6: Place of Supply | F6: Aggregate Turnover | G6: Supplier Type | H6: Registration Basis | I6: GST Registration required | J6: GST Registration Status | K6: GSTIN | L6: Registration Date | M6: ARN | N6: Remarks | Q6: GST Registration Summary | R6: Value
A7: Trilok Manufacturing | B7: Manufacturing | C7: Goods | D7: West Bengal | E7: West Bengal | F7: 4200000 | G7: Normal | H7: Turnover Threshold | I7: =IF(OR(H7="Turnover Threshold",H7="Inter-state supply",H7="Composition Scheme"),"Required","Not Required") -> Required | J7: =IF(I7="Required","Registered","Not Applicable") -> Registered | K7: 17ABCDE1234G2Z5 | L7: 46122 | M7: ARN123456789 | N7: GSTIN Active | Q7: Total Business | R7: =COUNTA(B7:B16) -> 10
A8: G.K Traders | B8: Trading | C8: Goods | D8: West Bengal | E8: Odisha | F8: 1800000 | G8: Normal | H8: Inter-state supply | I8: =IF(OR(H8="Turnover Threshold",H8="Inter-state supply",H8="Composition Scheme"),"Required","Not Required") -> Required | J8: =IF(I8="Required","Registered","Not Applicable") -> Registered | K8: 20XYZLK6789G4Z6 | L8: 46127 | M8: ARN123456790 | N8: Inter-state Supplier | Q8: Registration Required | R8: =COUNTIF(I7:I16,"Required") -> 7
A9: Raj Textiles | B9: Garments | C9: Goods | D9: Gujarat | E9: Gujarat | F9: 3800000 | G9: Normal | H9: Threshold not crossed | I9: =IF(OR(H9="Turnover Threshold",H9="Inter-state supply",H9="Composition Scheme"),"Required","Not Required") -> Not Required | J9: =IF(I9="Required","Registered","Not Applicable") -> Not Applicable | K9: - | L9: - | M9: - | N9: Below Threshold | Q9: Registration not Required | R9: =COUNTIF(I7:I16,"Not Required") -> 3
A10: G.T Enterprises | B10: Grocery | C10: Goods | D10: Manipur | E10: Manipur | F10: 900000 | G10: Normal | H10: Threshold not crossed | I10: =IF(OR(H10="Turnover Threshold",H10="Inter-state supply",H10="Composition Scheme"),"Required","Not Required") -> Not Required | J10: =IF(I10="Required","Registered","Not Applicable") -> Not Applicable | K10: - | L10: - | M10: - | N10: Below Threshold | Q10: Registered | R10: =COUNTIF(J7:J16,"Registered") -> 7
A11: Jhankar Electronics | B11: Electronics | C11: Goods | D11: Uttarakhand | E11: Uttarakhand | F11: 2200000 | G11: Normal | H11: Turnover Threshold | I11: =IF(OR(H11="Turnover Threshold",H11="Inter-state supply",H11="Composition Scheme"),"Required","Not Required") -> Required | J11: =IF(I11="Required","Registered","Not Applicable") -> Registered | K11: 03ABCDE8765L7Z6 | L11: 46132 | M11: ARN123456791 | N11: GSTIN Active | Q11: Not Applicable | R11: =COUNTIF(J7:J16,"Not Applicable") -> 3
A12: Royal Restaurant | B12: Restaurant | C12: Services | D12: Nagaland | E12: Nagaland | F12: 1500000 | G12: Normal | H12: Turnover Threshold | I12: =IF(OR(H12="Turnover Threshold",H12="Inter-state supply",H12="Composition Scheme"),"Required","Not Required") -> Required | J12: =IF(I12="Required","Registered","Not Applicable") -> Registered | K12: 13ABCDE6798D1Z2 | L12: 46147 | M12: ARN123456792 | N12: GSTIN Active | Q12: Composite Dealers | R12: =COUNTIF(G7:G16,"Composition") -> 1
A13: Avi Consultancy | B13: Consultancy | C13: Services | D13: Delhi | E13: Telangana | F13: 1700000 | G13: Normal | H13: Threshold not crossed | I13: =IF(OR(H13="Turnover Threshold",H13="Inter-state supply",H13="Composition Scheme"),"Required","Not Required") -> Not Required | J13: =IF(I13="Required","Registered","Not Applicable") -> Not Applicable | N13: Below Threshold | Q13: Inter-state Suppliers | R13: {=SUMPRODUCT(--(D7:D16<>E7:E16))} -> 4
A14: Fresh Farm Suppliers | B14: Agriculture | C14: Goods | D14: Punjab | E14: Punjab | F14: 3000000 | G14: Composition | H14: Composition Scheme | I14: =IF(OR(H14="Turnover Threshold",H14="Inter-state supply",H14="Composition Scheme"),"Required","Not Required") -> Required | J14: =IF(I14="Required","Registered","Not Applicable") -> Registered | K14: 03ABCDE4321K1Z6 | L14: 46154 | M14: ARN123456793 | N14: Composition Dealer
A15: Bijay Hardware | B15: Hardware | C15: Goods | D15: Maharashtra | E15: Assam | F15: 800000 | G15: Normal | H15: Inter-state supply | I15: =IF(OR(H15="Turnover Threshold",H15="Inter-state supply",H15="Composition Scheme"),"Required","Not Required") -> Required | J15: =IF(I15="Required","Registered","Not Applicable") -> Registered | K15: 27ABCDE2468L1Z8 | L15: 46167 | M15: ARN123456794 | N15: GSTIN Active
A16: Novatal Automobile | B16: Automobile | C16: Goods | D16: West Bengal | E16: Delhi | F16: 2500000 | G16: Normal | H16: Inter-state supply | I16: =IF(OR(H16="Turnover Threshold",H16="Inter-state supply",H16="Composition Scheme"),"Required","Not Required") -> Required | J16: =IF(I16="Required","Registered","Not Applicable") -> Registered | K16: 19ABCDE1357M1Z9 | L16: 46175 | M16: ARN123456795 | N16: GSTIN Active
A18: Project Assumptions-
A19: • Registration analysed using sample business data.
A20: • Turnover threshold applied for educational purposes.
A21: • Inter-state taxable supplies considered separately.
A22: • Composition dealer shown as a registered taxpayer under the Composition Scheme.

Sheet Registration Scenario
A2: GST Registration Scenarios
A3: Sample GST registration scenarios prepared toubderstand the applicability of GST registration under different business situations.
A4: Scenario | B4: Nature of Supply | C4: Supplier Type | D4: Turnover | E4: Registration Required | F4: Reason
A5: Intra-state goods supplier above threshold | B5: Goods | C5: =IF(A5="Composition Scheme dealer","Composition",IF(A5="Input Service Distributor","ISD","Normal")) -> Normal | D5: 4200000 | E5: =IF(OR(A5="Intra-state goods supplier above threshold",A5="Inter-state supply of goods",A5="Intra-state supply of services above threshold",A5="Composition Scheme dealer",A5="Casual Taxable Person",A5="Non-Resident Taxable Person",A5="E-commerce Operator",A5="Input Service Distributor"),"Required","Not Required") -> Required | F5: Turnover exceeds threshold
A6: Intra-state goods supplier below threshold | B6: Goods | C6: =IF(A6="Composition Scheme dealer","Composition",IF(A6="Input Service Distributor","ISD","Normal")) -> Normal | D6: 3800000 | E6: =IF(OR(A6="Intra-state goods supplier above threshold",A6="Inter-state supply of goods",A6="Intra-state supply of services above threshold",A6="Composition Scheme dealer",A6="Casual Taxable Person",A6="Non-Resident Taxable Person",A6="E-commerce Operator",A6="Input Service Distributor"),"Required","Not Required") -> Not Required | F6: Below threshold
A7: Inter-state supply of goods | B7: Goods | C7: =IF(A7="Composition Scheme dealer","Composition",IF(A7="Input Service Distributor","ISD","Normal")) -> Normal | D7: 1800000 | E7: =IF(OR(A7="Intra-state goods supplier above threshold",A7="Inter-state supply of goods",A7="Intra-state supply of services above threshold",A7="Composition Scheme dealer",A7="Casual Taxable Person",A7="Non-Resident Taxable Person",A7="E-commerce Operator",A7="Input Service Distributor"),"Required","Not Required") -> Required | F7: Inter-state taxable supply(sample scenario)
A8: Intra-state supply of services above threshold | B8: Services | C8: =IF(A8="Composition Scheme dealer","Composition",IF(A8="Input Service Distributor","ISD","Normal")) -> Normal | D8: 2500000 | E8: =IF(OR(A8="Intra-state goods supplier above threshold",A8="Inter-state supply of goods",A8="Intra-state supply of services above threshold",A8="Composition Scheme dealer",A8="Casual Taxable Person",A8="Non-Resident Taxable Person",A8="E-commerce Operator",A8="Input Service Distributor"),"Required","Not Required") -> Required | F8: Turnover exceeds threshold
A9: Intra-state supply of services below threshold | B9: Services | C9: =IF(A9="Composition Scheme dealer","Composition",IF(A9="Input Service Distributor","ISD","Normal")) -> Normal | D9: 1700000 | E9: =IF(OR(A9="Intra-state goods supplier above threshold",A9="Inter-state supply of goods",A9="Intra-state supply of services above threshold",A9="Composition Scheme dealer",A9="Casual Taxable Person",A9="Non-Resident Taxable Person",A9="E-commerce Operator",A9="Input Service Distributor"),"Required","Not Required") -> Not Required | F9: Below threshold
A10: Composition Scheme dealer | B10: Goods | C10: =IF(A10="Composition Scheme dealer","Composition",IF(A10="Input Service Distributor","ISD","Normal")) -> Composition | D10: 3000000 | E10: =IF(OR(A10="Intra-state goods supplier above threshold",A10="Inter-state supply of goods",A10="Intra-state supply of services above threshold",A10="Composition Scheme dealer",A10="Casual Taxable Person",A10="Non-Resident Taxable Person",A10="E-commerce Operator",A10="Input Service Distributor"),"Required","Not Required") -> Required | F10: Registered under Composition Scheme
A11: Casual Taxable Person | B11: Goods | C11: =IF(A11="Composition Scheme dealer","Composition",IF(A11="Input Service Distributor","ISD","Normal")) -> Normal | D11: 800000 | E11: =IF(OR(A11="Intra-state goods supplier above threshold",A11="Inter-state supply of goods",A11="Intra-state supply of services above threshold",A11="Composition Scheme dealer",A11="Casual Taxable Person",A11="Non-Resident Taxable Person",A11="E-commerce Operator",A11="Input Service Distributor"),"Required","Not Required") -> Required | F11: Compulsory Registration
A12: Non-Resident Taxable Person | B12: Services | C12: =IF(A12="Composition Scheme dealer","Composition",IF(A12="Input Service Distributor","ISD","Normal")) -> Normal | D12: 1200000 | E12: =IF(OR(A12="Intra-state goods supplier above threshold",A12="Inter-state supply of goods",A12="Intra-state supply of services above threshold",A12="Composition Scheme dealer",A12="Casual Taxable Person",A12="Non-Resident Taxable Person",A12="E-commerce Operator",A12="Input Service Distributor"),"Required","Not Required") -> Required | F12: Compulsory Registration
A13: E-commerce Operator | B13: Services | C13: =IF(A13="Composition Scheme dealer","Composition",IF(A13="Input Service Distributor","ISD","Normal")) -> Normal | D13: 5000000 | E13: =IF(OR(A13="Intra-state goods supplier above threshold",A13="Inter-state supply of goods",A13="Intra-state supply of services above threshold",A13="Composition Scheme dealer",A13="Casual Taxable Person",A13="Non-Resident Taxable Person",A13="E-commerce Operator",A13="Input Service Distributor"),"Required","Not Required") -> Required | F13: Compulsory Registration
A14: Input Service Distributor | B14: Services | C14: =IF(A14="Composition Scheme dealer","Composition",IF(A14="Input Service Distributor","ISD","Normal")) -> ISD | E14: =IF(OR(A14="Intra-state goods supplier above threshold",A14="Inter-state supply of goods",A14="Intra-state supply of services above threshold",A14="Composition Scheme dealer",A14="Casual Taxable Person",A14="Non-Resident Taxable Person",A14="E-commerce Operator",A14="Input Service Distributor"),"Required","Not Required") -> Required | F14: Separate Registration

Sheet Reg. Documents Checklist
A2: GST Registration Documents Checklist
A3: Checklist for tracking the completeness of documents required for GST registration using sample business data
A4: Business Name | B4: PAN | C4: Aadhar | D4: Adress Proof | E4: Bank Account Proof | F4: Business Registration Proof | G4: Photograph | H4: ARN Status | I4: GSTIN Status | J4: Registration Status | K4: Remarks | N4: Registered Documents Summary | O4: Value
A5: =('GST Registration'!A7) -> Trilok Manufacturing | B5: ✓ | C5: ✓ | D5: ✓ | E5: ✓ | F5: ✓ | G5: ✓ | H5: Generated | I5: Issued | J5: Completed | K5: GSTIN Active | N5: Total Business | O5: =COUNTA(A5:A14) -> 10
A6: =('GST Registration'!A8) -> G.K Traders | B6: ✓ | C6: ✓ | D6: ✓ | E6: ✓ | F6: ✓ | G6: ✓ | H6: Generated | I6: Issued | J6: Completed | K6: GSTIN Active | N6: Completed Registrations | O6: =COUNTIF(J5:J14,"Completed") -> 7
A7: =('GST Registration'!A9) -> Raj Textiles | B7: ✓ | C7: ✓ | D7: ✓ | E7: ✗ | F7: ✓ | G7: ✓ | H7: Pending | I7: Not Issued | J7: Pending | K7: Bank proof awaited | N7: Pending Registrations | O7: =COUNTIF(J5:J14,"Pending") -> 1
A8: =('GST Registration'!A10) -> G.T Enterprises | B8: ✓ | C8: ✓ | D8: ✓ | E8: ✓ | F8: ✓ | G8: ✓ | H8: Not Applicable | I8: Not Applicable | J8: Not Required | K8: Below Threshold | N8: Not Required | O8: =COUNTIF(J5:J14,"Not Required") -> 2
A9: =('GST Registration'!A11) -> Jhankar Electronics | B9: ✓ | C9: ✓ | D9: ✓ | E9: ✓ | F9: ✓ | G9: ✓ | H9: Generated | I9: Issued | J9: Completed | K9: GSTIN Active | N9: ARN Generated | O9: =COUNTIF(H5:H14,"Generated") -> 7
A10: =('GST Registration'!A12) -> Royal Restaurant | B10: ✓ | C10: ✓ | D10: ✓ | E10: ✓ | F10: ✓ | G10: ✓ | H10: Generated | I10: Issued | J10: Completed | K10: GSTIN Active | N10: GSTIN Issued | O10: =COUNTIF(I5:I14,"Issued") -> 7
A11: =('GST Registration'!A13) -> Avi Consultancy | B11: ✓ | C11: ✓ | D11: ✓ | E11: ✓ | F11: ✓ | G11: ✓ | H11: Not Applicable | I11: Not Applicable | J11: Not Required | K11: Below Threshold
A12: =('GST Registration'!A14) -> Fresh Farm Suppliers | B12: ✓ | C12: ✓ | D12: ✓ | E12: ✓ | F12: ✓ | G12: ✓ | H12: Generated | I12: Issued | J12: Completed | K12: Composition Dealer
A13: =('GST Registration'!A15) -> Bijay Hardware | B13: ✓ | C13: ✓ | D13: ✓ | E13: ✓ | F13: ✓ | G13: ✓ | H13: Generated | I13: Issued | J13: Completed | K13: GSTIN Active
A14: =('GST Registration'!A16) -> Novatal Automobile | B14: ✓ | C14: ✓ | D14: ✓ | E14: ✓ | F14: ✓ | G14: ✓ | H14: Generated | I14: Issued | J14: Completed | K14: GSTIN Active
